,hashtags,views
0,#masonray,1.3M views
1,#fyp,1646B views
2,#foryou,2537.1B views
3,#tiktok,702.3B views
4,#food,32B views
5,#foruyou,103.8B views
6,#viral,663.5B views
7,#trend,184.6B views
8,#trending,478.6B views
9,#foryoupage,1512.1B views
10,#lol,53.1B views
11,#friends,30.9B views
12,#meme,44.9B views
13,#haha,14.1B views
14,#tiktokhot,3.8B views
15,#cool,11.6B views
16,#wedding,8.3B views
17,#cake,5.1B views
18,#tiktokbakeoff,1.3B views
19,#tiktokfood,5.1B views
20,#sugarcookies,215.2M views
21,#respect,10.5B views
22,#savefood,57.8M views
23,#tiktokindia,494.8B views
24,#vr1,21B views
25,#foodboard,1.2B views
26,#foryour,11.5B views
27,#pastry,363M views
28,#delicious,2.1B views
29,#fory–æurpage,27.6M views
30,#4u,83B views
31,#lifeathome,3.8B views
32,#tiktokfoodie,14.4B views
33,#baking,1.8B views
34,#bananabread,50.3M views
35,#recipe,4B views
36,#quarantine,29.4B views
37,#confinement,2.5B views
,hashtags,views
,hashtags,views
0,#masonray,1.3M views
1,#fyp,1654.1B views
2,#foryou,2544.3B views
3,#tiktok,703.8B views
4,#food,32.1B views
5,#foruyou,103.9B views
6,#viral,665.8B views
7,#trend,185B views
8,#trending,479.8B views
9,#foryoupage,1516.9B views
10,#lol,53.2B views
11,#friends,31B views
12,#funny,280.5B views
13,#meme,45B views
14,#haha,14.1B views
15,#tiktokhot,3.8B views
16,#cool,11.6B views
17,#wedding,8.3B views
18,#cake,5.1B views
19,#tiktokbakeoff,1.3B views
20,#tiktokfood,5.1B views
21,#sugarcookies,215.4M views
22,#respect,10.5B views
23,#savefood,57.9M views
24,#tiktokindia,496B views
25,#vr1,21B views
26,#foodboard,1.2B views
27,#foryour,11.5B views
28,#pastry,363.9M views
